name,from_node_id,to_node_id,direction,length,number_of_lanes,speed_limit,lane_cap,link_type,link_type_name,jam_density,wave_speed,demand_type_code,geometry
Connector,1285,5018,1,0.2384,7,21,10000,1,Freeway,220,12,,"<LineString><coordinates>-111.943367,40.616329,0.0 -111.938847,40.616612,0.0</coordinates></LineString>"
Connector,1286,11125,1,0.466,7,21,10000,1,Freeway,220,12,,"<LineString><coordinates>-111.934327,40.630772,0.0 -111.934095,40.624020,0.0</coordinates></LineString>"
Connector,1289,4952,1,0.2427,7,21,10000,1,Freeway,220,12,,"<LineString><coordinates>-111.933869,40.616581,0.0 -111.929252,40.616548,0.0</coordinates></LineString>"
Connector,1289,5018,1,0.2621,7,21,10000,1,Freeway,220,12,,"<LineString><coordinates>-111.933867,40.616833,0.0 -111.938854,40.616863,0.0</coordinates></LineString>"
Connector,1289,11124,1,0.5069,7,21,10000,1,Freeway,220,12,,"<LineString><coordinates>-111.933989,40.616673,0.0 -111.931940,40.609492,0.0</coordinates></LineString>"
Connector,1289,11125,1,0.5047,7,21,10000,1,Freeway,220,12,,"<LineString><coordinates>-111.933743,40.616709,0.0 -111.933845,40.624026,0.0</coordinates></LineString>"
Connector,1290,4952,1,0.2516,7,21,10000,1,Freeway,220,12,,"<LineString><coordinates>-111.924514,40.617259,0.0 -111.929263,40.616799,0.0</coordinates></LineString>"
Connector,1296,5240,1,0.2056,7,21,10000,1,Freeway,220,12,,"<LineString><coordinates>-111.915607,40.613600,0.0 -111.911898,40.614547,0.0</coordinates></LineString>"
Connector,1299,4958,1,0.1988,7,21,10000,1,Freeway,220,12,,"<LineString><coordinates>-111.907962,40.616259,0.0 -111.910140,40.618614,0.0</coordinates></LineString>"
Connector,1299,11129,1,0.3637,7,21,10000,1,Freeway,220,12,,"<LineString><coordinates>-111.908179,40.616164,0.0 -111.907764,40.610901,0.0</coordinates></LineString>"
Connector,1314,11146,1,0.2758,7,21,10000,1,Freeway,220,12,,"<LineString><coordinates>-111.944084,40.606201,0.0 -111.938868,40.605773,0.0</coordinates></LineString>"
Connector,1316,11148,1,0.2608,7,21,10000,1,Freeway,220,12,,"<LineString><coordinates>-111.943538,40.597883,0.0 -111.938766,40.598916,0.0</coordinates></LineString>"
Connector,1318,11160,1,0.2384,7,21,10000,1,Freeway,220,12,,"<LineString><coordinates>-111.943412,40.590766,0.0 -111.938879,40.590719,0.0</coordinates></LineString>"
Connector,1319,11124,1,0.2054,7,21,10000,1,Freeway,220,12,,"<LineString><coordinates>-111.934326,40.607202,0.0 -111.931737,40.609431,0.0</coordinates></LineString>"
Connector,1320,5820,1,0.3445,7,21,10000,1,Freeway,220,12,,"<LineString><coordinates>-111.934081,40.599889,0.0 -111.929196,40.603217,0.0</coordinates></LineString>"
Connector,1320,11148,1,0.2527,7,21,10000,1,Freeway,220,12,,"<LineString><coordinates>-111.934177,40.600116,0.0 -111.938818,40.599162,0.0</coordinates></LineString>"
Connector,1322,5589,1,0.2229,7,21,10000,1,Freeway,220,12,,"<LineString><coordinates>-111.934474,40.590995,0.0 -111.934188,40.587770,0.0</coordinates></LineString>"
Connector,1322,11161,1,0.267,7,21,10000,1,Freeway,220,12,,"<LineString><coordinates>-111.934348,40.590880,0.0 -111.929271,40.590921,0.0</coordinates></LineString>"
Connector,1323,5592,1,0.2697,7,21,10000,1,Freeway,220,12,,"<LineString><coordinates>-111.921541,40.591633,0.0 -111.922298,40.587766,0.0</coordinates></LineString>"
Connector,1325,10853,1,0.1583,7,20,10000,1,Freeway,220,12,,"<LineString><coordinates>-111.907449,40.592219,0.0 -111.904440,40.592260,0.0</coordinates></LineString>"
Connector,1346,11172,1,0.2518,7,21,10000,1,Freeway,220,12,,"<LineString><coordinates>-111.943603,40.583967,0.0 -111.938817,40.584046,0.0</coordinates></LineString>"
Connector,1348,5210,1,0.2525,7,21,10000,1,Freeway,220,12,,"<LineString><coordinates>-111.943543,40.576859,0.0 -111.938742,40.576835,0.0</coordinates></LineString>"
Connector,1349,5210,1,0.2309,7,21,10000,1,Freeway,220,12,,"<LineString><coordinates>-111.934349,40.576995,0.0 -111.938738,40.577086,0.0</coordinates></LineString>"
Connector,1349,5219,1,0.2726,7,21,10000,1,Freeway,220,12,,"<LineString><coordinates>-111.934355,40.576745,0.0 -111.929175,40.576615,0.0</coordinates></LineString>"
Connector,1349,11181,1,0.3091,7,21,10000,1,Freeway,220,12,,"<LineString><coordinates>-111.934445,40.576786,0.0 -111.931124,40.573089,0.0</coordinates></LineString>"
Connector,1351,5209,1,0.2524,7,21,10000,1,Freeway,220,12,,"<LineString><coordinates>-111.943533,40.567876,0.0 -111.938736,40.567958,0.0</coordinates></LineString>"
Connector,1352,5209,1,0.2516,7,21,10000,1,Freeway,220,12,,"<LineString><coordinates>-111.933958,40.568001,0.0 -111.938733,40.568208,0.0</coordinates></LineString>"
Connector,1352,6256,1,0.254,7,21,10000,1,Freeway,220,12,,"<LineString><coordinates>-111.933959,40.567751,0.0 -111.929135,40.567919,0.0</coordinates></LineString>"
Connector,1352,11181,1,0.3966,7,21,10000,1,Freeway,220,12,,"<LineString><coordinates>-111.933853,40.567815,0.0 -111.930921,40.573112,0.0</coordinates></LineString>"
Connector,1352,11261,1,0.3863,7,21,10000,1,Freeway,220,12,,"<LineString><coordinates>-111.934088,40.567891,0.0 -111.934737,40.562313,0.0</coordinates></LineString>"
Connector,1353,5589,1,0.2564,7,21,10000,1,Freeway,220,12,,"<LineString><coordinates>-111.934141,40.584061,0.0 -111.933938,40.587774,0.0</coordinates></LineString>"
Connector,1353,11172,1,0.2395,7,21,10000,1,Freeway,220,12,,"<LineString><coordinates>-111.934263,40.584193,0.0 -111.938816,40.584296,0.0</coordinates></LineString>"
Connector,1353,11173,1,0.2648,7,21,10000,1,Freeway,220,12,,"<LineString><coordinates>-111.934258,40.583943,0.0 -111.929238,40.584244,0.0</coordinates></LineString>"
Connector,1354,5592,1,0.2627,7,20,10000,1,Freeway,220,12,,"<LineString><coordinates>-111.923309,40.584014,0.0 -111.922056,40.587702,0.0</coordinates></LineString>"
Connector,1354,11173,1,0.3067,7,20,10000,1,Freeway,220,12,,"<LineString><coordinates>-111.923421,40.584179,0.0 -111.929239,40.584494,0.0</coordinates></LineString>"
Connector,1355,5219,1,0.2329,7,21,10000,1,Freeway,220,12,,"<LineString><coordinates>-111.924743,40.576757,0.0 -111.929169,40.576865,0.0</coordinates></LineString>"
Connector,1355,11183,1,0.2952,7,21,10000,1,Freeway,220,12,,"<LineString><coordinates>-111.924865,40.576593,0.0 -111.923525,40.572438,0.0</coordinates></LineString>"
Connector,1356,6255,1,0.2527,7,21,10000,1,Freeway,220,12,,"<LineString><coordinates>-111.924149,40.567056,0.0 -111.919661,40.565750,0.0</coordinates></LineString>"
Connector,1356,6256,1,0.271,7,21,10000,1,Freeway,220,12,,"<LineString><coordinates>-111.924093,40.567301,0.0 -111.929118,40.568168,0.0</coordinates></LineString>"
Connector,1356,11183,1,0.3674,7,21,10000,1,Freeway,220,12,,"<LineString><coordinates>-111.923990,40.567160,0.0 -111.923282,40.572460,0.0</coordinates></LineString>"
Connector,1356,11259,1,0.3823,7,21,10000,1,Freeway,220,12,,"<LineString><coordinates>-111.924226,40.567234,0.0 -111.926849,40.562066,0.0</coordinates></LineString>"
Connector,1357,5174,1,0.4171,7,21,10000,1,Freeway,220,12,,"<LineString><coordinates>-111.914427,40.565100,0.0 -111.913994,40.559062,0.0</coordinates></LineString>"
Connector,1357,5588,1,0.4955,7,21,10000,1,Freeway,220,12,,"<LineString><coordinates>-111.914185,40.565155,0.0 -111.916901,40.572034,0.0</coordinates></LineString>"
Connector,1357,6255,1,0.2849,7,21,10000,1,Freeway,220,12,,"<LineString><coordinates>-111.914284,40.565233,0.0 -111.919608,40.565995,0.0</coordinates></LineString>"
Connector,1359,6185,1,0.3586,7,21,10000,1,Freeway,220,12,,"<LineString><coordinates>-111.911861,40.577602,0.0 -111.905551,40.575634,0.0</coordinates></LineString>"
Connector,1360,10850,1,0.1651,7,20,10000,1,Freeway,220,12,,"<LineString><coordinates>-111.901763,40.584133,0.0 -111.904104,40.585728,0.0</coordinates></LineString>"
Connector,1360,11489,1,0.2373,7,20,10000,1,Freeway,220,12,,"<LineString><coordinates>-111.901956,40.584059,0.0 -111.902774,40.580677,0.0</coordinates></LineString>"
Connector,1361,5728,1,0.1705,7,20,10000,1,Freeway,220,12,,"<LineString><coordinates>-111.902590,40.575601,0.0 -111.900892,40.573496,0.0</coordinates></LineString>"
Connector,1397,11261,1,0.6112,7,21,10000,1,Freeway,220,12,,"<LineString><coordinates>-111.936467,40.553537,0.0 -111.934490,40.562270,0.0</coordinates></LineString>"
Connector,1404,11257,1,0.1389,7,20,10000,1,Freeway,220,12,,"<LineString><coordinates>-111.908278,40.571774,0.0 -111.908496,40.569768,0.0</coordinates></LineString>"
300 West,3689,11507,1,0.094,2,25,601,4,Major arterial,120,12,,"<LineString><coordinates>-111.900757,40.562646,0.0 -111.902536,40.562518,0.0</coordinates></LineString>"
500 West,4156,10849,1,0.0946,1,24,633,4,Major arterial,120,12,,"<LineString><coordinates>-111.901065,40.585595,0.0 -111.900795,40.584239,0.0</coordinates></LineString>"
500 West,4156,10850,1,0.17,1,24,633,4,Major arterial,120,12,,"<LineString><coordinates>-111.900942,40.585746,0.0 -111.904175,40.585750,0.0</coordinates></LineString>"
700 West,4804,5106,1,0.2604,1,29,666,4,Major arterial,120,12,,"<LineString><coordinates>-111.910432,40.602330,0.0 -111.910393,40.598556,0.0</coordinates></LineString>"
700 West,4804,5109,1,0.2489,1,29,666,4,Major arterial,120,12,,"<LineString><coordinates>-111.910181,40.602331,0.0 -111.910189,40.605939,0.0</coordinates></LineString>"
700 West,4899,5030,1,0.2603,2,30,633,4,Major arterial,120,12,,"<LineString><coordinates>-111.910328,40.625017,0.0 -111.910361,40.620920,0.0</coordinates></LineString>"
Connector,4952,1289,1,0.2427,7,21,10000,1,Freeway,220,12,,"<LineString><coordinates>-111.929250,40.616800,0.0 -111.933867,40.616833,0.0</coordinates></LineString>"
Connector,4952,1290,1,0.2516,7,21,10000,1,Freeway,220,12,,"<LineString><coordinates>-111.929239,40.616549,0.0 -111.924490,40.617009,0.0</coordinates></LineString>"
1300 West,4952,5022,1,0.5007,1,32,666,4,Major arterial,120,12,,"<LineString><coordinates>-111.929376,40.616672,0.0 -111.929288,40.609413,0.0</coordinates></LineString>"
1300 West,4952,5440,1,0.39199,1,32,666,4,Major arterial,120,12,,"<LineString><coordinates>-111.929125,40.616673,0.0 -111.929063,40.624116,0.0</coordinates></LineString>"
Connector,4958,1299,1,0.1988,7,21,10000,1,Freeway,220,12,,"<LineString><coordinates>-111.910324,40.618444,0.0 -111.908146,40.616089,0.0</coordinates></LineString>"
700 West,4958,5010,1,0.14152,2,36,814,3,Principal마rterial,120,12,,"<LineString><coordinates>-111.910357,40.618532,0.0 -111.910393,40.616811,0.0</coordinates></LineString>"
700 West,4958,5030,1,0.15809,2,36,814,3,Principal마rterial,120,12,,"<LineString><coordinates>-111.910106,40.618529,0.0 -111.910109,40.620919,0.0</coordinates></LineString>"
Center St,5009,5027,1,0.1508,2,36,814,3,Principal마rterial,120,12,,"<LineString><coordinates>-111.913164,40.610345,0.0 -111.910306,40.610530,0.0</coordinates></LineString>"
Holden St,5009,5240,1,0.2969,2,36,814,3,Principal마rterial,120,12,,"<LineString><coordinates>-111.913052,40.610434,0.0 -111.911809,40.614633,0.0</coordinates></LineString>"
7800 South,5009,5863,1,0.1904,2,36,814,3,Principal마rterial,120,12,,"<LineString><coordinates>-111.913179,40.610595,0.0 -111.916791,40.610390,0.0</coordinates></LineString>"
700 West,5010,4958,1,0.14152,2,36,814,3,Principal마rterial,120,12,,"<LineString><coordinates>-111.910143,40.616805,0.0 -111.910107,40.618526,0.0</coordinates></LineString>"
700 West,5010,5027,1,0.31237,1,35,857,3,Principal마rterial,120,12,,"<LineString><coordinates>-111.910394,40.616809,0.0 -111.910440,40.610656,0.0</coordinates></LineString>"
Holden St,5010,5240,1,0.13471,2,36,814,3,Principal마rterial,120,12,,"<LineString><coordinates>-111.910367,40.616885,0.0 -111.912028,40.614746,0.0</coordinates></LineString>"
Redwood Rd,5017,5018,1,0.498,3,43,854,2,Highway/Expressway,120,12,,"<LineString><coordinates>-111.938626,40.609519,0.0 -111.938730,40.616739,0.0</coordinates></LineString>"
7800 South,5017,11123,1,0.2622,2,36,814,3,Principal마rterial,120,12,,"<LineString><coordinates>-111.938751,40.609643,0.0 -111.943739,40.609646,0.0</coordinates></LineString>"
7800 South,5017,11124,1,0.3644,2,36,814,3,Principal마rterial,120,12,,"<LineString><coordinates>-111.938751,40.609391,0.0 -111.931819,40.609400,0.0</coordinates></LineString>"
Redwood Rd,5017,11146,1,0.2497,3,43,854,2,Highway/Expressway,120,12,,"<LineString><coordinates>-111.938876,40.609521,0.0 -111.938983,40.605902,0.0</coordinates></LineString>"
Connector,5018,1285,1,0.2384,7,21,10000,1,Freeway,220,12,,"<LineString><coordinates>-111.938863,40.616862,0.0 -111.943383,40.616579,0.0</coordinates></LineString>"
Connector,5018,1289,1,0.2621,7,21,10000,1,Freeway,220,12,,"<LineString><coordinates>-111.938856,40.616611,0.0 -111.933869,40.616581,0.0</coordinates></LineString>"
Redwood Rd,5018,5017,1,0.498,3,43,854,2,Highway/Expressway,120,12,,"<LineString><coordinates>-111.938980,40.616735,0.0 -111.938876,40.609515,0.0</coordinates></LineString>"
Redwood Rd,5018,5436,1,0.5069,3,43,854,2,Highway/Expressway,120,12,,"<LineString><coordinates>-111.938730,40.616735,0.0 -111.938617,40.624083,0.0</coordinates></LineString>"
1300 West,5022,4952,1,0.5007,1,32,666,4,Major arterial,120,12,,"<LineString><coordinates>-111.929038,40.609417,0.0 -111.929126,40.616676,0.0</coordinates></LineString>"
7800 South,5022,5524,1,0.1988,2,36,814,3,Principal마rterial,120,12,,"<LineString><coordinates>-111.929186,40.609292,0.0 -111.925511,40.608608,0.0</coordinates></LineString>"
7800 South,5022,11124,1,0.1398,2,36,814,3,Principal마rterial,120,12,,"<LineString><coordinates>-111.929158,40.609540,0.0 -111.931814,40.609651,0.0</coordinates></LineString>"
1300 West,5022,11147,1,0.119,1,32,666,4,Major arterial,120,12,,"<LineString><coordinates>-111.929288,40.609420,0.0 -111.929360,40.607696,0.0</coordinates></LineString>"
Center St,5027,5009,1,0.1508,2,36,814,3,Principal마rterial,120,12,,"<LineString><coordinates>-111.910322,40.610780,0.0 -111.913180,40.610595,0.0</coordinates></LineString>"
700 West,5027,5010,1,0.31237,1,35,857,3,Principal마rterial,120,12,,"<LineString><coordinates>-111.910188,40.610654,0.0 -111.910142,40.616807,0.0</coordinates></LineString>"
Center St,5027,11129,1,0.1417,2,36,814,3,Principal마rterial,120,12,,"<LineString><coordinates>-111.910302,40.610530,0.0 -111.907627,40.610786,0.0</coordinates></LineString>"
700 West,5027,11150,1,0.2378,1,29,666,4,Major arterial,120,12,,"<LineString><coordinates>-111.910440,40.610656,0.0 -111.910458,40.607208,0.0</coordinates></LineString>"
700 West,5030,4899,1,0.2603,2,30,633,4,Major arterial,120,12,,"<LineString><coordinates>-111.910109,40.620918,0.0 -111.910076,40.625015,0.0</coordinates></LineString>"
700 West,5030,4958,1,0.15809,2,36,814,3,Principal마rterial,120,12,,"<LineString><coordinates>-111.910361,40.620919,0.0 -111.910358,40.618529,0.0</coordinates></LineString>"
7000 South,5030,10872,1,0.18159,2,36,814,3,Principal마rterial,120,12,,"<LineString><coordinates>-111.910227,40.621044,0.0 -111.913099,40.621219,0.0</coordinates></LineString>"
7200 South,5030,11128,1,0.13451,2,29,814,3,Principal마rterial,120,12,,"<LineString><coordinates>-111.910238,40.620794,0.0 -111.907658,40.620731,0.0</coordinates></LineString>"
Center St,5034,11129,1,0.27834,2,36,814,3,Principal마rterial,120,12,,"<LineString><coordinates>-111.902815,40.611050,0.0 -111.907639,40.611037,0.0</coordinates></LineString>"
7200 South,5037,11128,1,0.33214,2,29,814,3,Principal마rterial,120,12,,"<LineString><coordinates>-111.904765,40.620933,0.0 -111.907653,40.620981,0.0</coordinates></LineString>"
1300 West,5103,5820,1,0.5746,1,32,666,4,Major arterial,120,12,,"<LineString><coordinates>-111.929097,40.594992,0.0 -111.929141,40.603322,0.0</coordinates></LineString>"
1300 West,5103,11161,1,0.2721,1,32,666,4,Major arterial,120,12,,"<LineString><coordinates>-111.929348,40.594993,0.0 -111.929397,40.591049,0.0</coordinates></LineString>"
700 West,5106,4804,1,0.2604,1,29,666,4,Major arterial,120,12,,"<LineString><coordinates>-111.910143,40.598558,0.0 -111.910182,40.602332,0.0</coordinates></LineString>"
700 West,5106,5117,1,0.7477,1,24,633,4,Major arterial,120,12,,"<LineString><coordinates>-111.910394,40.598557,0.0 -111.910351,40.587717,0.0</coordinates></LineString>"
500 West,5106,10852,1,0.0551,1,24,633,4,Major arterial,120,12,,"<LineString><coordinates>-111.910289,40.598433,0.0 -111.909267,40.598258,0.0</coordinates></LineString>"
700 West,5109,4804,1,0.2489,1,29,666,4,Major arterial,120,12,,"<LineString><coordinates>-111.910441,40.605939,0.0 -111.910433,40.602331,0.0</coordinates></LineString>"
700 West,5109,11150,1,0.0875,1,29,666,4,Major arterial,120,12,,"<LineString><coordinates>-111.910190,40.605941,0.0 -111.910207,40.607209,0.0</coordinates></LineString>"
8000 South,5109,11151,1,0.1948,1,26,514,5,Minor arterial,120,12,,"<LineString><coordinates>-111.910314,40.605813,0.0 -111.906609,40.605834,0.0</coordinates></LineString>"
9000 South,5112,5589,1,0.2454,2,39,892,2,Highway/Expressway,120,12,,"<LineString><coordinates>-111.938729,40.587636,0.0 -111.934062,40.587655,0.0</coordinates></LineString>"
9000 South,5112,11159,1,0.2563,2,39,892,2,Highway/Expressway,120,12,,"<LineString><coordinates>-111.938730,40.587636,0.0 -111.943604,40.587636,0.0</coordinates></LineString>"
Redwood Rd,5112,11160,1,0.2128,3,43,854,2,Highway/Expressway,120,12,,"<LineString><coordinates>-111.938605,40.587768,0.0 -111.938753,40.590850,0.0</coordinates></LineString>"
Redwood Rd,5112,11172,1,0.2477,2,39,892,2,Highway/Expressway,120,12,,"<LineString><coordinates>-111.938855,40.587765,0.0 -111.938944,40.584174,0.0</coordinates></LineString>"
8660 S,5113,8002,1,0.242,1,26,514,5,Minor arterial,120,12,,"<LineString><coordinates>-111.938771,40.594139,0.0 -111.943374,40.594103,0.0</coordinates></LineString>"
Redwood Rd,5113,11148,1,0.3466,3,43,854,2,Highway/Expressway,120,12,,"<LineString><coordinates>-111.938644,40.594014,0.0 -111.938667,40.599040,0.0</coordinates></LineString>"
Redwood Rd,5113,11160,1,0.2187,3,43,854,2,Highway/Expressway,120,12,,"<LineString><coordinates>-111.938895,40.594017,0.0 -111.939003,40.590848,0.0</coordinates></LineString>"
9000 South,5114,5589,1,0.256,2,39,892,2,Highway/Expressway,120,12,,"<LineString><coordinates>-111.929195,40.587920,0.0 -111.934063,40.587907,0.0</coordinates></LineString>"
9000 South,5114,5592,1,0.3692,2,32,847,2,Highway/Expressway,120,12,,"<LineString><coordinates>-111.929196,40.587668,0.0 -111.922176,40.587616,0.0</coordinates></LineString>"
1300 West,5114,11161,1,0.2244,1,32,666,4,Major arterial,120,12,,"<LineString><coordinates>-111.929070,40.587797,0.0 -111.929147,40.591050,0.0</coordinates></LineString>"
1300 West,5114,11173,1,0.2362,1,29,666,4,Major arterial,120,12,,"<LineString><coordinates>-111.929320,40.587796,0.0 -111.929371,40.584371,0.0</coordinates></LineString>"
700 West,5117,5106,1,0.7477,1,24,633,4,Major arterial,120,12,,"<LineString><coordinates>-111.910099,40.587717,0.0 -111.910142,40.598557,0.0</coordinates></LineString>"
9000 South,5117,11255,1,0.1231,2,32,847,2,Highway/Expressway,120,12,,"<LineString><coordinates>-111.910220,40.587592,0.0 -111.907881,40.587688,0.0</coordinates></LineString>"
9000 South,5118,5727,1,0.1119,2,32,847,2,Highway/Expressway,120,12,,"<LineString><coordinates>-111.904261,40.587888,0.0 -111.902134,40.587874,0.0</coordinates></LineString>"
500 West,5118,10854,1,0.0913,1,24,633,4,Major arterial,120,12,,"<LineString><coordinates>-111.904385,40.588008,0.0 -111.904318,40.586685,0.0</coordinates></LineString>"
9000 South,5118,11255,1,0.1912,2,32,847,2,Highway/Expressway,120,12,,"<LineString><coordinates>-111.904267,40.588139,0.0 -111.907893,40.587938,0.0</coordinates></LineString>"
500 West,5118,11910,1,0.1358,1,24,633,4,Major arterial,120,12,,"<LineString><coordinates>-111.904134,40.588014,0.0 -111.904132,40.589983,0.0</coordinates></LineString>"
9000 South,5119,5727,1,0.058,2,32,847,2,Highway/Expressway,120,12,,"<LineString><coordinates>-111.901027,40.588096,0.0 -111.902130,40.588125,0.0</coordinates></LineString>"
Connector,5174,1357,1,0.4171,7,21,10000,1,Freeway,220,12,,"<LineString><coordinates>-111.913744,40.559080,0.0 -111.914177,40.565118,0.0</coordinates></LineString>"
South Jordan,5174,5587,1,0.2961,2,36,814,3,Principal마rterial,120,12,,"<LineString><coordinates>-111.913841,40.559193,0.0 -111.919232,40.560431,0.0</coordinates></LineString>"
South Jordan,5174,5868,1,0.1943,2,36,814,3,Principal마rterial,120,12,,"<LineString><coordinates>-111.913876,40.558946,0.0 -111.910194,40.558735,0.0</coordinates></LineString>"
9800 South,5175,5729,1,0.1853,1,24,633,4,Major arterial,120,12,,"<LineString><coordinates>-111.904348,40.569570,0.0 -111.900825,40.569583,0.0</coordinates></LineString>"
9800 South,5175,11257,1,0.2117,1,24,633,4,Major arterial,120,12,,"<LineString><coordinates>-111.904346,40.569821,0.0 -111.908369,40.569879,0.0</coordinates></LineString>"
Redwood Rd,5208,5209,1,0.3999,2,39,892,2,Highway/Expressway,120,12,,"<LineString><coordinates>-111.938567,40.562286,0.0 -111.938612,40.568084,0.0</coordinates></LineString>"
Redwood Rd,5208,5238,1,0.6407,1,38,929,2,Highway/Expressway,120,12,,"<LineString><coordinates>-111.938819,40.562286,0.0 -111.938879,40.552998,0.0</coordinates></LineString>"
South Jordan,5208,11261,1,0.2147,2,36,814,3,Principal마rterial,120,12,,"<LineString><coordinates>-111.938693,40.562159,0.0 -111.934612,40.562172,0.0</coordinates></LineString>"
10400 South,5208,11282,1,0.2666,1,35,857,3,Principal마rterial,120,12,,"<LineString><coordinates>-111.938694,40.562411,0.0 -111.943763,40.562373,0.0</coordinates></LineString>"
Connector,5209,1351,1,0.2524,7,21,10000,1,Freeway,220,12,,"<LineString><coordinates>-111.938740,40.568208,0.0 -111.943537,40.568126,0.0</coordinates></LineString>"
Connector,5209,1352,1,0.2516,7,21,10000,1,Freeway,220,12,,"<LineString><coordinates>-111.938743,40.567958,0.0 -111.933968,40.567751,0.0</coordinates></LineString>"
Redwood Rd,5209,5208,1,0.3999,2,39,892,2,Highway/Expressway,120,12,,"<LineString><coordinates>-111.938864,40.568082,0.0 -111.938819,40.562284,0.0</coordinates></LineString>"
Redwood Rd,5209,5211,1,0.3468,2,39,892,2,Highway/Expressway,120,12,,"<LineString><coordinates>-111.938612,40.568082,0.0 -111.938561,40.573110,0.0</coordinates></LineString>"
Connector,5210,1348,1,0.2525,7,21,10000,1,Freeway,220,12,,"<LineString><coordinates>-111.938740,40.577087,0.0 -111.943541,40.577111,0.0</coordinates></LineString>"
Connector,5210,1349,1,0.2309,7,21,10000,1,Freeway,220,12,,"<LineString><coordinates>-111.938744,40.576836,0.0 -111.934355,40.576745,0.0</coordinates></LineString>"
Redwood Rd,5210,5211,1,0.2656,2,39,892,2,Highway/Expressway,120,12,,"<LineString><coordinates>-111.938866,40.576959,0.0 -111.938812,40.573109,0.0</coordinates></LineString>"
Redwood Rd,5210,11172,1,0.4974,2,39,892,2,Highway/Expressway,120,12,,"<LineString><coordinates>-111.938616,40.576962,0.0 -111.938694,40.584172,0.0</coordinates></LineString>"
Redwood Rd,5211,5209,1,0.3468,2,39,892,2,Highway/Expressway,120,12,,"<LineString><coordinates>-111.938813,40.573112,0.0 -111.938864,40.568084,0.0</coordinates></LineString>"
Redwood Rd,5211,5210,1,0.2656,2,39,892,2,Highway/Expressway,120,12,,"<LineString><coordinates>-111.938562,40.573113,0.0 -111.938616,40.576963,0.0</coordinates></LineString>"
9800 South,5211,11180,1,0.3029,1,29,666,4,Major arterial,120,12,,"<LineString><coordinates>-111.938684,40.573236,0.0 -111.944439,40.573378,0.0</coordinates></LineString>"
9800 South,5211,11181,1,0.4027,1,29,666,4,Major arterial,120,12,,"<LineString><coordinates>-111.938686,40.572985,0.0 -111.931030,40.573047,0.0</coordinates></LineString>"
1300 West,5214,6256,1,0.4031,1,29,666,4,Major arterial,120,12,,"<LineString><coordinates>-111.929082,40.562199,0.0 -111.929014,40.568043,0.0</coordinates></LineString>"
South Jordan,5214,11259,1,0.1306,2,36,814,3,Principal마rterial,120,12,,"<LineString><coordinates>-111.929217,40.562075,0.0 -111.926747,40.561884,0.0</coordinates></LineString>"
South Jordan,5214,11261,1,0.2844,2,36,814,3,Principal마rterial,120,12,,"<LineString><coordinates>-111.929205,40.562325,0.0 -111.934610,40.562423,0.0</coordinates></LineString>"
1300 West,5214,11281,1,0.4441,1,29,666,4,Major arterial,120,12,,"<LineString><coordinates>-111.929333,40.562199,0.0 -111.929279,40.555760,0.0</coordinates></LineString>"
9800 South,5215,5588,1,0.1435,1,29,666,4,Major arterial,120,12,,"<LineString><coordinates>-111.919700,40.572330,0.0 -111.917040,40.571864,0.0</coordinates></LineString>"
1000 West,5215,6255,1,0.4541,1,26,514,5,Minor arterial,120,12,,"<LineString><coordinates>-111.919804,40.572453,0.0 -111.919752,40.565870,0.0</coordinates></LineString>"
9800 South,5215,11183,1,0.1961,1,29,666,4,Major arterial,120,12,,"<LineString><coordinates>-111.919677,40.572580,0.0 -111.923405,40.572603,0.0</coordinates></LineString>"
South Jordan,5216,5356,1,0.1926,2,27,773,3,Principal마rterial,120,12,,"<LineString><coordinates>-111.902775,40.558871,0.0 -111.899114,40.558847,0.0</coordinates></LineString>"
South Jordan,5216,5868,1,0.3901,2,27,773,3,Principal마rterial,120,12,,"<LineString><coordinates>-111.902776,40.559122,0.0 -111.910189,40.558985,0.0</coordinates></LineString>"
500 West,5216,10847,1,0.1274,2,30,633,4,Major arterial,120,12,,"<LineString><coordinates>-111.902899,40.558995,0.0 -111.902874,40.557149,0.0</coordinates></LineString>"
300 West,5216,11507,1,0.2346,2,25,601,4,Major arterial,120,12,,"<LineString><coordinates>-111.902649,40.558988,0.0 -111.902402,40.562384,0.0</coordinates></LineString>"
Connector,5219,1349,1,0.2726,7,21,10000,1,Freeway,220,12,,"<LineString><coordinates>-111.929169,40.576865,0.0 -111.934349,40.576995,0.0</coordinates></LineString>"
Connector,5219,1355,1,0.2329,7,21,10000,1,Freeway,220,12,,"<LineString><coordinates>-111.929175,40.576615,0.0 -111.924749,40.576507,0.0</coordinates></LineString>"
1300 West,5219,5232,1,0.293,1,29,666,4,Major arterial,120,12,,"<LineString><coordinates>-111.929298,40.576741,0.0 -111.929327,40.572494,0.0</coordinates></LineString>"
1300 West,5219,11173,1,0.5262,1,29,666,4,Major arterial,120,12,,"<LineString><coordinates>-111.929046,40.576741,0.0 -111.929120,40.584370,0.0</coordinates></LineString>"
1300 West,5232,5219,1,0.293,1,29,666,4,Major arterial,120,12,,"<LineString><coordinates>-111.929075,40.572492,0.0 -111.929046,40.576739,0.0</coordinates></LineString>"
1300 West,5232,6256,1,0.3069,1,29,666,4,Major arterial,120,12,,"<LineString><coordinates>-111.929326,40.572491,0.0 -111.929264,40.568042,0.0</coordinates></LineString>"
9800 South,5232,11182,1,0.0505,1,29,666,4,Major arterial,120,12,,"<LineString><coordinates>-111.929190,40.572618,0.0 -111.930143,40.572705,0.0</coordinates></LineString>"
9800 South,5232,11183,1,0.3048,1,29,666,4,Major arterial,120,12,,"<LineString><coordinates>-111.929201,40.572367,0.0 -111.923406,40.572351,0.0</coordinates></LineString>"
Redwood Rd,5238,5208,1,0.6407,1,38,929,2,Highway/Expressway,120,12,,"<LineString><coordinates>-111.938627,40.552996,0.0 -111.938567,40.562284,0.0</coordinates></LineString>"
Connector,5240,1296,1,0.2056,7,21,10000,1,Freeway,220,12,,"<LineString><coordinates>-111.911960,40.614791,0.0 -111.915669,40.613844,0.0</coordinates></LineString>"
Holden St,5240,5009,1,0.2969,2,36,814,3,Principal마rterial,120,12,,"<LineString><coordinates>-111.912049,40.614705,0.0 -111.913292,40.610506,0.0</coordinates></LineString>"
Holden St,5240,5010,1,0.13471,2,36,814,3,Principal마rterial,120,12,,"<LineString><coordinates>-111.911830,40.614592,0.0 -111.910169,40.616731,0.0</coordinates></LineString>"
South Jordan,5356,5216,1,0.1926,2,27,773,3,Principal마rterial,120,12,,"<LineString><coordinates>-111.899112,40.559099,0.0 -111.902773,40.559123,0.0</coordinates></LineString>"
Redwood Rd,5436,5018,1,0.5069,3,43,854,2,Highway/Expressway,120,12,,"<LineString><coordinates>-111.938867,40.624087,0.0 -111.938980,40.616739,0.0</coordinates></LineString>"
7000 South,5436,5577,1,0.187,2,36,814,3,Principal마rterial,120,12,,"<LineString><coordinates>-111.938744,40.624210,0.0 -111.942302,40.624163,0.0</coordinates></LineString>"
Redwood Rd,5436,5578,1,0.4375,3,39,854,2,Highway/Expressway,120,12,,"<LineString><coordinates>-111.938616,40.624085,0.0 -111.938634,40.630427,0.0</coordinates></LineString>"
7000 South,5436,11125,1,0.2509,2,36,814,3,Principal마rterial,120,12,,"<LineString><coordinates>-111.938744,40.623960,0.0 -111.933972,40.623899,0.0</coordinates></LineString>"
1300 West,5440,4952,1,0.39199,1,32,666,4,Major arterial,120,12,,"<LineString><coordinates>-111.929315,40.624118,0.0 -111.929377,40.616675,0.0</coordinates></LineString>"
7000 South,5440,11125,1,0.27677,2,36,814,3,Principal마rterial,120,12,,"<LineString><coordinates>-111.929191,40.624242,0.0 -111.933972,40.624149,0.0</coordinates></LineString>"
7000 South,5440,11127,1,0.25977,2,36,814,3,Principal마rterial,120,12,,"<LineString><coordinates>-111.929199,40.623992,0.0 -111.924696,40.623621,0.0</coordinates></LineString>"
1300 West,5440,11827,1,0.18981,1,32,666,4,Major arterial,120,12,,"<LineString><coordinates>-111.929063,40.624117,0.0 -111.929066,40.626782,0.0</coordinates></LineString>"
7000 South,5441,5861,1,0.10732,2,36,814,3,Principal마rterial,120,12,,"<LineString><coordinates>-111.917182,40.623143,0.0 -111.915269,40.621716,0.0</coordinates></LineString>"
7000 South,5441,11126,1,0.11932,2,36,814,3,Principal마rterial,120,12,,"<LineString><coordinates>-111.917069,40.623364,0.0 -111.918599,40.623844,0.0</coordinates></LineString>"
7800 South,5524,5022,1,0.1988,2,36,814,3,Principal마rterial,120,12,,"<LineString><coordinates>-111.925465,40.608854,0.0 -111.929140,40.609538,0.0</coordinates></LineString>"
7800 South,5524,5863,1,0.4697,2,36,814,3,Principal마rterial,120,12,,"<LineString><coordinates>-111.925466,40.608607,0.0 -111.916762,40.610141,0.0</coordinates></LineString>"
7000 South,5577,5436,1,0.187,2,36,814,3,Principal마rterial,120,12,,"<LineString><coordinates>-111.942298,40.623913,0.0 -111.938740,40.623960,0.0</coordinates></LineString>"
Redwood Rd,5578,5436,1,0.4375,3,39,854,2,Highway/Expressway,120,12,,"<LineString><coordinates>-111.938886,40.630427,0.0 -111.938868,40.624085,0.0</coordinates></LineString>"
South Jordan,5587,5174,1,0.2961,2,36,814,3,Principal마rterial,120,12,,"<LineString><coordinates>-111.919288,40.560187,0.0 -111.913897,40.558949,0.0</coordinates></LineString>"
1000 West,5587,10857,1,0.1459,1,26,514,5,Minor arterial,120,12,,"<LineString><coordinates>-111.919137,40.560332,0.0 -111.919533,40.562425,0.0</coordinates></LineString>"
South Jordan,5587,11259,1,0.4105,2,36,814,3,Principal마rterial,120,12,,"<LineString><coordinates>-111.919232,40.560431,0.0 -111.926709,40.562131,0.0</coordinates></LineString>"
Connector,5588,1357,1,0.4955,7,21,10000,1,Freeway,220,12,,"<LineString><coordinates>-111.917135,40.571942,0.0 -111.914419,40.565063,0.0</coordinates></LineString>"
9800 South,5588,5215,1,0.1435,1,29,666,4,Major arterial,120,12,,"<LineString><coordinates>-111.916996,40.572112,0.0 -111.919656,40.572578,0.0</coordinates></LineString>"
9800 South,5588,11184,1,0.1725,1,24,633,4,Major arterial,120,12,,"<LineString><coordinates>-111.917005,40.571863,0.0 -111.913757,40.572206,0.0</coordinates></LineString>"
Connector,5589,1322,1,0.2229,7,21,10000,1,Freeway,220,12,,"<LineString><coordinates>-111.933938,40.587792,0.0 -111.934224,40.591017,0.0</coordinates></LineString>"
Connector,5589,1353,1,0.2564,7,21,10000,1,Freeway,220,12,,"<LineString><coordinates>-111.934188,40.587788,0.0 -111.934391,40.584075,0.0</coordinates></LineString>"
9000 South,5589,5112,1,0.2454,2,39,892,2,Highway/Expressway,120,12,,"<LineString><coordinates>-111.934064,40.587907,0.0 -111.938731,40.587888,0.0</coordinates></LineString>"
9000 South,5589,5114,1,0.256,2,39,892,2,Highway/Expressway,120,12,,"<LineString><coordinates>-111.934063,40.587655,0.0 -111.929195,40.587668,0.0</coordinates></LineString>"
Connector,5592,1323,1,0.2697,7,21,10000,1,Freeway,220,12,,"<LineString><coordinates>-111.922052,40.587718,0.0 -111.921295,40.591585,0.0</coordinates></LineString>"
Connector,5592,1354,1,0.2627,7,20,10000,1,Freeway,220,12,,"<LineString><coordinates>-111.922294,40.587782,0.0 -111.923547,40.584094,0.0</coordinates></LineString>"
9000 South,5592,5114,1,0.3692,2,32,847,2,Highway/Expressway,120,12,,"<LineString><coordinates>-111.922174,40.587868,0.0 -111.929194,40.587920,0.0</coordinates></LineString>"
9000 South,5727,5118,1,0.1119,2,32,847,2,Highway/Expressway,120,12,,"<LineString><coordinates>-111.902132,40.588126,0.0 -111.904259,40.588140,0.0</coordinates></LineString>"
9000 South,5727,5119,1,0.058,2,32,847,2,Highway/Expressway,120,12,,"<LineString><coordinates>-111.902136,40.587875,0.0 -111.901033,40.587846,0.0</coordinates></LineString>"
Connector,5728,1361,1,0.1705,7,20,10000,1,Freeway,220,12,,"<LineString><coordinates>-111.900696,40.573654,0.0 -111.902394,40.575759,0.0</coordinates></LineString>"
300 West,5728,5729,1,0.2666,1,24,633,4,Major arterial,120,12,,"<LineString><coordinates>-111.900920,40.573576,0.0 -111.900951,40.569710,0.0</coordinates></LineString>"
500 West,5728,7984,1,0.4879,1,24,633,4,Major arterial,120,12,,"<LineString><coordinates>-111.900669,40.573573,0.0 -111.900576,40.580646,0.0</coordinates></LineString>"
9800 South,5729,5175,1,0.1853,1,24,633,4,Major arterial,120,12,,"<LineString><coordinates>-111.900825,40.569835,0.0 -111.904348,40.569822,0.0</coordinates></LineString>"
300 West,5729,5728,1,0.2666,1,24,633,4,Major arterial,120,12,,"<LineString><coordinates>-111.900699,40.569708,0.0 -111.900668,40.573574,0.0</coordinates></LineString>"
9800 South,5729,5929,1,0.1956,2,25,601,4,Major arterial,120,12,,"<LineString><coordinates>-111.900825,40.569583,0.0 -111.897106,40.569595,0.0</coordinates></LineString>"
700 West,5730,8172,1,0.1782,1,24,633,4,Major arterial,120,12,,"<LineString><coordinates>-111.905625,40.583282,0.0 -111.905629,40.580699,0.0</coordinates></LineString>"
700 West,5730,11763,1,0.1123,1,24,633,4,Major arterial,120,12,,"<LineString><coordinates>-111.905373,40.583281,0.0 -111.905362,40.584908,0.0</coordinates></LineString>"
Sugar Fact,5736,8116,1,0.3243,1,26,514,5,Minor arterial,120,12,,"<LineString><coordinates>-111.938696,40.602469,0.0 -111.944863,40.602418,0.0</coordinates></LineString>"
Redwood Rd,5736,11146,1,0.2454,3,43,854,2,Highway/Expressway,120,12,,"<LineString><coordinates>-111.938570,40.602349,0.0 -111.938733,40.605904,0.0</coordinates></LineString>"
Redwood Rd,5736,11148,1,0.228,3,43,854,2,Highway/Expressway,120,12,,"<LineString><coordinates>-111.938820,40.602347,0.0 -111.938918,40.599043,0.0</coordinates></LineString>"
Connector,5820,1320,1,0.3445,7,21,10000,1,Freeway,220,12,,"<LineString><coordinates>-111.929338,40.603425,0.0 -111.934223,40.600097,0.0</coordinates></LineString>"
1300 West,5820,5103,1,0.5746,1,32,666,4,Major arterial,120,12,,"<LineString><coordinates>-111.929393,40.603320,0.0 -111.929349,40.594990,0.0</coordinates></LineString>"
1300 West,5820,11147,1,0.3015,1,32,666,4,Major arterial,120,12,,"<LineString><coordinates>-111.929141,40.603320,0.0 -111.929109,40.607690,0.0</coordinates></LineString>"
7000 South,5861,5441,1,0.10732,2,36,814,3,Principal마rterial,120,12,,"<LineString><coordinates>-111.915119,40.621918,0.0 -111.917032,40.623345,0.0</coordinates></LineString>"
7000 South,5861,10872,1,0.1205,2,36,814,3,Principal마rterial,120,12,,"<LineString><coordinates>-111.915235,40.621698,0.0 -111.913148,40.620975,0.0</coordinates></LineString>"
7800 South,5863,5009,1,0.1904,2,36,814,3,Principal마rterial,120,12,,"<LineString><coordinates>-111.916777,40.610140,0.0 -111.913165,40.610345,0.0</coordinates></LineString>"
7800 South,5863,5524,1,0.4697,2,36,814,3,Principal마rterial,120,12,,"<LineString><coordinates>-111.916806,40.610389,0.0 -111.925510,40.608855,0.0</coordinates></LineString>"
South Jordan,5868,5174,1,0.1943,2,36,814,3,Principal마rterial,120,12,,"<LineString><coordinates>-111.910180,40.558985,0.0 -111.913862,40.559196,0.0</coordinates></LineString>"
South Jordan,5868,5216,1,0.3901,2,27,773,3,Principal마rterial,120,12,,"<LineString><coordinates>-111.910185,40.558735,0.0 -111.902772,40.558872,0.0</coordinates></LineString>"
River Fron,5868,6253,1,0.339,1,26,514,5,Minor arterial,120,12,,"<LineString><coordinates>-111.910283,40.558940,0.0 -111.913744,40.554795,0.0</coordinates></LineString>"
9800 South,5929,5729,1,0.1956,2,25,601,4,Major arterial,120,12,,"<LineString><coordinates>-111.897106,40.569847,0.0 -111.900825,40.569835,0.0</coordinates></LineString>"
Connector,6185,1359,1,0.3586,7,21,10000,1,Freeway,220,12,,"<LineString><coordinates>-111.905477,40.575874,0.0 -111.911787,40.577842,0.0</coordinates></LineString>"
700 West,6185,8172,1,0.3411,1,29,666,4,Major arterial,120,12,,"<LineString><coordinates>-111.905388,40.575754,0.0 -111.905377,40.580699,0.0</coordinates></LineString>"
River Fron,6253,5868,1,0.339,1,26,514,5,Minor arterial,120,12,,"<LineString><coordinates>-111.913552,40.554635,0.0 -111.910091,40.558780,0.0</coordinates></LineString>"
Connector,6255,1356,1,0.2527,7,21,10000,1,Freeway,220,12,,"<LineString><coordinates>-111.919591,40.565992,0.0 -111.924079,40.567298,0.0</coordinates></LineString>"
Connector,6255,1357,1,0.2849,7,21,10000,1,Freeway,220,12,,"<LineString><coordinates>-111.919644,40.565747,0.0 -111.914320,40.564985,0.0</coordinates></LineString>"
1000 West,6255,5215,1,0.4541,1,26,514,5,Minor arterial,120,12,,"<LineString><coordinates>-111.919500,40.565872,0.0 -111.919552,40.572455,0.0</coordinates></LineString>"
1000 West,6255,10857,1,0.2393,1,26,514,5,Minor arterial,120,12,,"<LineString><coordinates>-111.919752,40.565872,0.0 -111.919782,40.562403,0.0</coordinates></LineString>"
Connector,6256,1352,1,0.254,7,21,10000,1,Freeway,220,12,,"<LineString><coordinates>-111.929143,40.568169,0.0 -111.933967,40.568001,0.0</coordinates></LineString>"
Connector,6256,1356,1,0.271,7,21,10000,1,Freeway,220,12,,"<LineString><coordinates>-111.929160,40.567920,0.0 -111.924135,40.567053,0.0</coordinates></LineString>"
1300 West,6256,5214,1,0.4031,1,29,666,4,Major arterial,120,12,,"<LineString><coordinates>-111.929264,40.568045,0.0 -111.929332,40.562201,0.0</coordinates></LineString>"
1300 West,6256,5232,1,0.3069,1,29,666,4,Major arterial,120,12,,"<LineString><coordinates>-111.929014,40.568046,0.0 -111.929076,40.572495,0.0</coordinates></LineString>"
500 West,6270,6273,1,0.188,1,24,633,4,Major arterial,120,12,,"<LineString><coordinates>-111.904727,40.593850,0.0 -111.905557,40.596500,0.0</coordinates></LineString>"
500 West,6270,10853,1,0.1007,1,24,633,4,Major arterial,120,12,,"<LineString><coordinates>-111.904968,40.593778,0.0 -111.904563,40.592351,0.0</coordinates></LineString>"
500 West,6273,6270,1,0.188,1,24,633,4,Major arterial,120,12,,"<LineString><coordinates>-111.905797,40.596424,0.0 -111.904967,40.593774,0.0</coordinates></LineString>"
500 West,6273,10851,1,0.0461,1,24,633,4,Major arterial,120,12,,"<LineString><coordinates>-111.905579,40.596540,0.0 -111.906032,40.597112,0.0</coordinates></LineString>"
500 West,7210,10850,1,0.0378,1,24,633,4,Major arterial,120,12,,"<LineString><coordinates>-111.904865,40.585748,0.0 -111.904219,40.585506,0.0</coordinates></LineString>"
500 West,7210,10854,1,0.0658,1,24,633,4,Major arterial,120,12,,"<LineString><coordinates>-111.904721,40.585790,0.0 -111.904093,40.586615,0.0</coordinates></LineString>"
700 West,7210,11763,1,0.0747,1,24,633,4,Major arterial,120,12,,"<LineString><coordinates>-111.904924,40.585938,0.0 -111.905591,40.584981,0.0</coordinates></LineString>"
500 West,7984,5728,1,0.4879,1,24,633,4,Major arterial,120,12,,"<LineString><coordinates>-111.900826,40.580650,0.0 -111.900919,40.573577,0.0</coordinates></LineString>"
500 West,7984,10849,1,0.2495,1,24,633,4,Major arterial,120,12,,"<LineString><coordinates>-111.900575,40.580647,0.0 -111.900546,40.584263,0.0</coordinates></LineString>"
9400 Sout,7984,11489,1,0.1026,1,30,814,3,Principal마rterial,120,12,,"<LineString><coordinates>-111.900701,40.580774,0.0 -111.902652,40.580773,0.0</coordinates></LineString>"
8660 S,8002,5113,1,0.242,1,26,514,5,Minor arterial,120,12,,"<LineString><coordinates>-111.943372,40.593851,0.0 -111.938769,40.593887,0.0</coordinates></LineString>"
Sugar Fact,8116,5736,1,0.3243,1,26,514,5,Minor arterial,120,12,,"<LineString><coordinates>-111.944861,40.602166,0.0 -111.938694,40.602217,0.0</coordinates></LineString>"
700 West,8172,5730,1,0.1782,1,24,633,4,Major arterial,120,12,,"<LineString><coordinates>-111.905377,40.580699,0.0 -111.905373,40.583282,0.0</coordinates></LineString>"
700 West,8172,6185,1,0.3411,1,29,666,4,Major arterial,120,12,,"<LineString><coordinates>-111.905629,40.580699,0.0 -111.905640,40.575754,0.0</coordinates></LineString>"
9400 Sout,8172,11489,1,0.1499,1,35,857,3,Principal마rterial,120,12,,"<LineString><coordinates>-111.905505,40.580574,0.0 -111.902654,40.580522,0.0</coordinates></LineString>"
Jordan Gat,10847,5216,1,0.1274,2,30,633,4,Major arterial,120,12,,"<LineString><coordinates>-111.902624,40.557153,0.0 -111.902649,40.558999,0.0</coordinates></LineString>"
500 West,10849,4156,1,0.0946,1,24,633,4,Major arterial,120,12,,"<LineString><coordinates>-111.900549,40.584289,0.0 -111.900819,40.585645,0.0</coordinates></LineString>"
500 West,10849,7984,1,0.2495,1,24,633,4,Major arterial,120,12,,"<LineString><coordinates>-111.900798,40.584265,0.0 -111.900827,40.580649,0.0</coordinates></LineString>"
Connector,10850,1360,1,0.1651,7,20,10000,1,Freeway,220,12,,"<LineString><coordinates>-111.904246,40.585520,0.0 -111.901905,40.583925,0.0</coordinates></LineString>"
500 West,10850,4156,1,0.17,1,24,633,4,Major arterial,120,12,,"<LineString><coordinates>-111.904175,40.585498,0.0 -111.900942,40.585494,0.0</coordinates></LineString>"
500 West,10850,7210,1,0.0378,1,24,633,4,Major arterial,120,12,,"<LineString><coordinates>-111.904131,40.585742,0.0 -111.904777,40.585984,0.0</coordinates></LineString>"
500 West,10851,6273,1,0.0461,1,24,633,4,Major arterial,120,12,,"<LineString><coordinates>-111.906228,40.596956,0.0 -111.905775,40.596384,0.0</coordinates></LineString>"
500 West,10851,10852,1,0.1884,1,24,633,4,Major arterial,120,12,,"<LineString><coordinates>-111.906080,40.597149,0.0 -111.909196,40.598497,0.0</coordinates></LineString>"
500 West,10852,5106,1,0.0551,1,24,633,4,Major arterial,120,12,,"<LineString><coordinates>-111.909225,40.598506,0.0 -111.910247,40.598681,0.0</coordinates></LineString>"
500 West,10852,10851,1,0.1884,1,24,633,4,Major arterial,120,12,,"<LineString><coordinates>-111.909296,40.598267,0.0 -111.906180,40.596919,0.0</coordinates></LineString>"
Connector,10853,1325,1,0.1583,7,20,10000,1,Freeway,220,12,,"<LineString><coordinates>-111.904444,40.592510,0.0 -111.907453,40.592469,0.0</coordinates></LineString>"
500 West,10853,6270,1,0.1007,1,24,633,4,Major arterial,120,12,,"<LineString><coordinates>-111.904321,40.592419,0.0 -111.904726,40.593846,0.0</coordinates></LineString>"
500 West,10853,11910,1,0.166,1,24,633,4,Major arterial,120,12,,"<LineString><coordinates>-111.904567,40.592375,0.0 -111.904383,40.589973,0.0</coordinates></LineString>"
500 West,10854,5118,1,0.0913,1,24,633,4,Major arterial,120,12,,"<LineString><coordinates>-111.904068,40.586697,0.0 -111.904135,40.588020,0.0</coordinates></LineString>"
500 West,10854,7210,1,0.0658,1,24,633,4,Major arterial,120,12,,"<LineString><coordinates>-111.904293,40.586767,0.0 -111.904921,40.585942,0.0</coordinates></LineString>"
1000 West,10857,5587,1,0.1459,1,26,514,5,Minor arterial,120,12,,"<LineString><coordinates>-111.919779,40.562379,0.0 -111.919383,40.560286,0.0</coordinates></LineString>"
1000 West,10857,6255,1,0.2393,1,26,514,5,Minor arterial,120,12,,"<LineString><coordinates>-111.919530,40.562401,0.0 -111.919500,40.565870,0.0</coordinates></LineString>"
7000 South,10872,5030,1,0.18159,2,36,814,3,Principal마rterial,120,12,,"<LineString><coordinates>-111.913115,40.620969,0.0 -111.910243,40.620794,0.0</coordinates></LineString>"
7000 South,10872,5861,1,0.1205,2,36,814,3,Principal마rterial,120,12,,"<LineString><coordinates>-111.913066,40.621213,0.0 -111.915153,40.621936,0.0</coordinates></LineString>"
7800 South,11123,5017,1,0.2622,2,36,814,3,Principal마rterial,120,12,,"<LineString><coordinates>-111.943739,40.609394,0.0 -111.938751,40.609391,0.0</coordinates></LineString>"
Connector,11124,1289,1,0.5069,7,21,10000,1,Freeway,220,12,,"<LineString><coordinates>-111.931698,40.609560,0.0 -111.933747,40.616741,0.0</coordinates></LineString>"
Connector,11124,1319,1,0.2054,7,21,10000,1,Freeway,220,12,,"<LineString><coordinates>-111.931901,40.609621,0.0 -111.934490,40.607392,0.0</coordinates></LineString>"
7800 South,11124,5017,1,0.3644,2,36,814,3,Principal마rterial,120,12,,"<LineString><coordinates>-111.931819,40.609652,0.0 -111.938751,40.609643,0.0</coordinates></LineString>"
7800 South,11124,5022,1,0.1398,2,36,814,3,Principal마rterial,120,12,,"<LineString><coordinates>-111.931824,40.609401,0.0 -111.929168,40.609290,0.0</coordinates></LineString>"
Connector,11125,1286,1,0.466,7,21,10000,1,Freeway,220,12,,"<LineString><coordinates>-111.933845,40.624028,0.0 -111.934077,40.630780,0.0</coordinates></LineString>"
Connector,11125,1289,1,0.5047,7,21,10000,1,Freeway,220,12,,"<LineString><coordinates>-111.934095,40.624022,0.0 -111.933993,40.616705,0.0</coordinates></LineString>"
7000 South,11125,5436,1,0.2509,2,36,814,3,Principal마rterial,120,12,,"<LineString><coordinates>-111.933968,40.624149,0.0 -111.938740,40.624210,0.0</coordinates></LineString>"
7000 South,11125,5440,1,0.27677,2,36,814,3,Principal마rterial,120,12,,"<LineString><coordinates>-111.933968,40.623899,0.0 -111.929187,40.623992,0.0</coordinates></LineString>"
7000 South,11126,5441,1,0.11932,2,36,814,3,Principal마rterial,120,12,,"<LineString><coordinates>-111.918675,40.623604,0.0 -111.917145,40.623124,0.0</coordinates></LineString>"
7000 South,11126,11127,1,0.3179,2,36,814,3,Principal마rterial,120,12,,"<LineString><coordinates>-111.918637,40.623850,0.0 -111.924686,40.623872,0.0</coordinates></LineString>"
7000 South,11127,5440,1,0.25977,2,36,814,3,Principal마rterial,120,12,,"<LineString><coordinates>-111.924676,40.623871,0.0 -111.929179,40.624242,0.0</coordinates></LineString>"
7000 South,11127,11126,1,0.3179,2,36,814,3,Principal마rterial,120,12,,"<LineString><coordinates>-111.924686,40.623620,0.0 -111.918637,40.623598,0.0</coordinates></LineString>"
7200 South,11128,5030,1,0.13451,2,29,814,3,Principal마rterial,120,12,,"<LineString><coordinates>-111.907652,40.620981,0.0 -111.910232,40.621044,0.0</coordinates></LineString>"
7200 South,11128,5037,1,0.33214,2,29,814,3,Principal마rterial,120,12,,"<LineString><coordinates>-111.907657,40.620731,0.0 -111.904769,40.620683,0.0</coordinates></LineString>"
Connector,11129,1299,1,0.3637,7,21,10000,1,Freeway,220,12,,"<LineString><coordinates>-111.907514,40.610921,0.0 -111.907929,40.616184,0.0</coordinates></LineString>"
Center St,11129,5027,1,0.1417,2,36,814,3,Principal마rterial,120,12,,"<LineString><coordinates>-111.907651,40.611036,0.0 -111.910326,40.610780,0.0</coordinates></LineString>"
Center St,11129,5034,1,0.27834,2,36,814,3,Principal마rterial,120,12,,"<LineString><coordinates>-111.907639,40.610785,0.0 -111.902815,40.610798,0.0</coordinates></LineString>"
Connector,11146,1314,1,0.2758,7,21,10000,1,Freeway,220,12,,"<LineString><coordinates>-111.938848,40.606023,0.0 -111.944064,40.606451,0.0</coordinates></LineString>"
Redwood Rd,11146,5017,1,0.2497,3,43,854,2,Highway/Expressway,120,12,,"<LineString><coordinates>-111.938733,40.605894,0.0 -111.938626,40.609513,0.0</coordinates></LineString>"
Redwood Rd,11146,5736,1,0.2454,3,43,854,2,Highway/Expressway,120,12,,"<LineString><coordinates>-111.938983,40.605892,0.0 -111.938820,40.602337,0.0</coordinates></LineString>"
1300 West,11147,5022,1,0.119,1,32,666,4,Major arterial,120,12,,"<LineString><coordinates>-111.929110,40.607686,0.0 -111.929038,40.609410,0.0</coordinates></LineString>"
1300 West,11147,5820,1,0.3015,1,32,666,4,Major arterial,120,12,,"<LineString><coordinates>-111.929361,40.607692,0.0 -111.929393,40.603322,0.0</coordinates></LineString>"
Connector,11148,1316,1,0.2608,7,21,10000,1,Freeway,220,12,,"<LineString><coordinates>-111.938820,40.599162,0.0 -111.943592,40.598129,0.0</coordinates></LineString>"
Connector,11148,1320,1,0.2527,7,21,10000,1,Freeway,220,12,,"<LineString><coordinates>-111.938768,40.598916,0.0 -111.934127,40.599870,0.0</coordinates></LineString>"
Redwood Rd,11148,5113,1,0.3466,3,43,854,2,Highway/Expressway,120,12,,"<LineString><coordinates>-111.938919,40.599038,0.0 -111.938896,40.594012,0.0</coordinates></LineString>"
Redwood Rd,11148,5736,1,0.228,3,43,854,2,Highway/Expressway,120,12,,"<LineString><coordinates>-111.938668,40.599035,0.0 -111.938570,40.602339,0.0</coordinates></LineString>"
700 West,11150,5027,1,0.2378,1,29,666,4,Major arterial,120,12,,"<LineString><coordinates>-111.910206,40.607206,0.0 -111.910188,40.610654,0.0</coordinates></LineString>"
700 West,11150,5109,1,0.0875,1,29,666,4,Major arterial,120,12,,"<LineString><coordinates>-111.910457,40.607205,0.0 -111.910440,40.605937,0.0</coordinates></LineString>"
8000 South,11151,5109,1,0.1948,1,26,514,5,Minor arterial,120,12,,"<LineString><coordinates>-111.906611,40.606086,0.0 -111.910316,40.606065,0.0</coordinates></LineString>"
9000 South,11159,5112,1,0.2563,2,39,892,2,Highway/Expressway,120,12,,"<LineString><coordinates>-111.943604,40.587636,0.0 -111.938730,40.587636,0.0</coordinates></LineString>"
Connector,11160,1318,1,0.2384,7,21,10000,1,Freeway,220,12,,"<LineString><coordinates>-111.938877,40.590969,0.0 -111.943410,40.591016,0.0</coordinates></LineString>"
Redwood Rd,11160,5112,1,0.2128,3,43,854,2,Highway/Expressway,120,12,,"<LineString><coordinates>-111.939003,40.590838,0.0 -111.938855,40.587756,0.0</coordinates></LineString>"
Redwood Rd,11160,5113,1,0.2187,3,43,854,2,Highway/Expressway,120,12,,"<LineString><coordinates>-111.938753,40.590840,0.0 -111.938645,40.594009,0.0</coordinates></LineString>"
Connector,11161,1322,1,0.267,7,21,10000,1,Freeway,220,12,,"<LineString><coordinates>-111.929273,40.591173,0.0 -111.934350,40.591132,0.0</coordinates></LineString>"
1300 West,11161,5103,1,0.2721,1,32,666,4,Major arterial,120,12,,"<LineString><coordinates>-111.929147,40.591045,0.0 -111.929098,40.594989,0.0</coordinates></LineString>"
1300 West,11161,5114,1,0.2244,1,32,666,4,Major arterial,120,12,,"<LineString><coordinates>-111.929397,40.591044,0.0 -111.929320,40.587791,0.0</coordinates></LineString>"
Connector,11172,1346,1,0.2518,7,21,10000,1,Freeway,220,12,,"<LineString><coordinates>-111.938821,40.584296,0.0 -111.943607,40.584217,0.0</coordinates></LineString>"
Connector,11172,1353,1,0.2395,7,21,10000,1,Freeway,220,12,,"<LineString><coordinates>-111.938822,40.584046,0.0 -111.934269,40.583943,0.0</coordinates></LineString>"
Redwood Rd,11172,5112,1,0.2477,2,39,892,2,Highway/Expressway,120,12,,"<LineString><coordinates>-111.938694,40.584168,0.0 -111.938605,40.587759,0.0</coordinates></LineString>"
Redwood Rd,11172,5210,1,0.4974,2,39,892,2,Highway/Expressway,120,12,,"<LineString><coordinates>-111.938944,40.584170,0.0 -111.938866,40.576960,0.0</coordinates></LineString>"
Connector,11173,1353,1,0.2648,7,21,10000,1,Freeway,220,12,,"<LineString><coordinates>-111.929254,40.584494,0.0 -111.934274,40.584193,0.0</coordinates></LineString>"
Connector,11173,1354,1,0.3067,7,20,10000,1,Freeway,220,12,,"<LineString><coordinates>-111.929253,40.584244,0.0 -111.923435,40.583929,0.0</coordinates></LineString>"
1300 West,11173,5114,1,0.2362,1,29,666,4,Major arterial,120,12,,"<LineString><coordinates>-111.929121,40.584367,0.0 -111.929070,40.587792,0.0</coordinates></LineString>"
1300 West,11173,5219,1,0.5262,1,29,666,4,Major arterial,120,12,,"<LineString><coordinates>-111.929372,40.584368,0.0 -111.929298,40.576739,0.0</coordinates></LineString>"
9800 South,11180,5211,1,0.3029,1,29,666,4,Major arterial,120,12,,"<LineString><coordinates>-111.944445,40.573128,0.0 -111.938690,40.572986,0.0</coordinates></LineString>"
Connector,11181,1349,1,0.3091,7,21,10000,1,Freeway,220,12,,"<LineString><coordinates>-111.930938,40.573257,0.0 -111.934259,40.576954,0.0</coordinates></LineString>"
Connector,11181,1352,1,0.3966,7,21,10000,1,Freeway,220,12,,"<LineString><coordinates>-111.931141,40.573234,0.0 -111.934073,40.567937,0.0</coordinates></LineString>"
9800 South,11181,5211,1,0.4027,1,29,666,4,Major arterial,120,12,,"<LineString><coordinates>-111.931032,40.573299,0.0 -111.938688,40.573237,0.0</coordinates></LineString>"
9800 South,11181,11182,1,0.0616,1,29,666,4,Major arterial,120,12,,"<LineString><coordinates>-111.931101,40.573069,0.0 -111.930224,40.572476,0.0</coordinates></LineString>"
9800 South,11182,5232,1,0.0505,1,29,666,4,Major arterial,120,12,,"<LineString><coordinates>-111.930165,40.572455,0.0 -111.929212,40.572368,0.0</coordinates></LineString>"
9800 South,11182,11181,1,0.0616,1,29,666,4,Major arterial,120,12,,"<LineString><coordinates>-111.930084,40.572684,0.0 -111.930961,40.573277,0.0</coordinates></LineString>"
Connector,11183,1355,1,0.2952,7,21,10000,1,Freeway,220,12,,"<LineString><coordinates>-111.923287,40.572516,0.0 -111.924627,40.576671,0.0</coordinates></LineString>"
Connector,11183,1356,1,0.3674,7,21,10000,1,Freeway,220,12,,"<LineString><coordinates>-111.923530,40.572494,0.0 -111.924238,40.567194,0.0</coordinates></LineString>"
9800 South,11183,5215,1,0.1961,1,29,666,4,Major arterial,120,12,,"<LineString><coordinates>-111.923407,40.572351,0.0 -111.919679,40.572328,0.0</coordinates></LineString>"
9800 South,11183,5232,1,0.3048,1,29,666,4,Major arterial,120,12,,"<LineString><coordinates>-111.923406,40.572603,0.0 -111.929201,40.572619,0.0</coordinates></LineString>"
9800 South,11184,5588,1,0.1725,1,24,633,4,Major arterial,120,12,,"<LineString><coordinates>-111.913783,40.572456,0.0 -111.917031,40.572113,0.0</coordinates></LineString>"
9800 South,11184,11257,1,0.335,1,24,633,4,Major arterial,120,12,,"<LineString><coordinates>-111.913824,40.572218,0.0 -111.908425,40.569641,0.0</coordinates></LineString>"
9000 South,11255,5117,1,0.1231,2,32,847,2,Highway/Expressway,120,12,,"<LineString><coordinates>-111.907891,40.587938,0.0 -111.910230,40.587842,0.0</coordinates></LineString>"
9000 South,11255,5118,1,0.1912,2,32,847,2,Highway/Expressway,120,12,,"<LineString><coordinates>-111.907879,40.587688,0.0 -111.904253,40.587889,0.0</coordinates></LineString>"
Connector,11257,1404,1,0.1389,7,20,10000,1,Freeway,220,12,,"<LineString><coordinates>-111.908246,40.569740,0.0 -111.908028,40.571746,0.0</coordinates></LineString>"
9800 South,11257,5175,1,0.2117,1,24,633,4,Major arterial,120,12,,"<LineString><coordinates>-111.908373,40.569629,0.0 -111.904350,40.569571,0.0</coordinates></LineString>"
9800 South,11257,11184,1,0.335,1,24,633,4,Major arterial,120,12,,"<LineString><coordinates>-111.908317,40.569867,0.0 -111.913716,40.572444,0.0</coordinates></LineString>"
Connector,11259,1356,1,0.3823,7,21,10000,1,Freeway,220,12,,"<LineString><coordinates>-111.926625,40.561952,0.0 -111.924002,40.567120,0.0</coordinates></LineString>"
South Jordan,11259,5214,1,0.1306,2,36,814,3,Principal마rterial,120,12,,"<LineString><coordinates>-111.926727,40.562134,0.0 -111.929197,40.562325,0.0</coordinates></LineString>"
South Jordan,11259,5587,1,0.4105,2,36,814,3,Principal마rterial,120,12,,"<LineString><coordinates>-111.926765,40.561887,0.0 -111.919288,40.560187,0.0</coordinates></LineString>"
Connector,11261,1352,1,0.3863,7,21,10000,1,Freeway,220,12,,"<LineString><coordinates>-111.934487,40.562283,0.0 -111.933838,40.567861,0.0</coordinates></LineString>"
Connector,11261,1397,1,0.6112,7,21,10000,1,Freeway,220,12,,"<LineString><coordinates>-111.934734,40.562326,0.0 -111.936711,40.553593,0.0</coordinates></LineString>"
South Jordan,11261,5208,1,0.2147,2,36,814,3,Principal마rterial,120,12,,"<LineString><coordinates>-111.934612,40.562424,0.0 -111.938693,40.562411,0.0</coordinates></LineString>"
South Jordan,11261,5214,1,0.2844,2,36,814,3,Principal마rterial,120,12,,"<LineString><coordinates>-111.934614,40.562173,0.0 -111.929209,40.562075,0.0</coordinates></LineString>"
1300 West,11281,5214,1,0.4441,1,29,666,4,Major arterial,120,12,,"<LineString><coordinates>-111.929027,40.555762,0.0 -111.929081,40.562201,0.0</coordinates></LineString>"
10400 South,11282,5208,1,0.2666,1,35,857,3,Principal마rterial,120,12,,"<LineString><coordinates>-111.943761,40.562121,0.0 -111.938692,40.562159,0.0</coordinates></LineString>"
Connector,11489,1360,1,0.2373,7,20,10000,1,Freeway,220,12,,"<LineString><coordinates>-111.902530,40.580617,0.0 -111.901712,40.583999,0.0</coordinates></LineString>"
9400 Sout,11489,7984,1,0.1026,1,30,814,3,Principal마rterial,120,12,,"<LineString><coordinates>-111.902652,40.580521,0.0 -111.900701,40.580522,0.0</coordinates></LineString>"
9400 Sout,11489,8172,1,0.1499,1,35,857,3,Principal마rterial,120,12,,"<LineString><coordinates>-111.902650,40.580772,0.0 -111.905501,40.580824,0.0</coordinates></LineString>"
300 West,11507,3689,1,0.094,2,25,601,4,Major arterial,120,12,,"<LineString><coordinates>-111.902518,40.562268,0.0 -111.900739,40.562396,0.0</coordinates></LineString>"
300 West,11507,5216,1,0.2346,2,25,601,4,Major arterial,120,12,,"<LineString><coordinates>-111.902652,40.562402,0.0 -111.902899,40.559006,0.0</coordinates></LineString>"
700 West,11763,5730,1,0.1123,1,24,633,4,Major arterial,120,12,,"<LineString><coordinates>-111.905614,40.584910,0.0 -111.905625,40.583283,0.0</coordinates></LineString>"
700 West,11763,7210,1,0.0747,1,24,633,4,Major arterial,120,12,,"<LineString><coordinates>-111.905385,40.584837,0.0 -111.904718,40.585794,0.0</coordinates></LineString>"
1300 West,11827,5440,1,0.18981,1,32,666,4,Major arterial,120,12,,"<LineString><coordinates>-111.929318,40.626782,0.0 -111.929315,40.624117,0.0</coordinates></LineString>"
500 West,11910,5118,1,0.1358,1,24,633,4,Major arterial,120,12,,"<LineString><coordinates>-111.904384,40.589983,0.0 -111.904386,40.588014,0.0</coordinates></LineString>"
500 West,11910,10853,1,0.166,1,24,633,4,Major arterial,120,12,,"<LineString><coordinates>-111.904133,40.589993,0.0 -111.904317,40.592395,0.0</coordinates></LineString>"
Riverside,1358,3000,1,0.12113,1,35,600,3,Principal마rterial,120,12,,"<LineString><coordinates>-111.911558,40.583635,0.0 -111.913196,40.583359,0.0 -111.914968,40.583014,0.0 -111.915777,40.582371,0.0 -111.916263,40.581313,0.0</coordinates></LineString>"
Riverside,1358,5117,1,0.12113,1,35,600,3,Principal마rterial,120,12,,"<LineString><coordinates>-111.910345,40.587754,0.0 -111.910430,40.585071,0.0 -111.910482,40.584841,0.0 -111.910561,40.584618,0.0 -111.910666,40.584406,0.0 -111.910795,40.584208,0.0 -111.910947,40.584027,0.0 -111.911119,40.583865,0.0 -111.911309,40.583725,0.0 -111.911515,40.583608,0.0 -111.911622,40.583559,0.0</coordinates></LineString>"
Riverside,5117,1358,1,0.12113,1,35,600,3,Principal마rterial,120,12,,"<LineString><coordinates>-111.911382,40.583485,0.0 -111.911170,40.583589,0.0 -111.910972,40.583718,0.0 -111.910790,40.583869,0.0 -111.910628,40.584041,0.0 -111.910487,40.584231,0.0 -111.910370,40.584436,0.0 -111.910278,40.584654,0.0 -111.910213,40.584881,0.0 -111.910175,40.585114,0.0 -111.910105,40.587680,0.0</coordinates></LineString>"
Riverside,3000,1358,1,0.12113,1,35,600,3,Principal마rterial,120,12,,"<LineString><coordinates>-111.916151,40.581087,0.0 -111.915665,40.582145,0.0 -111.914856,40.582788,0.0 -111.913084,40.583133,0.0 -111.911446,40.583409,0.0</coordinates></LineString>"
Jordan Gateway,6185,5175,1,0.12113,2,35,600,4,Major arterial,120,12,,"<LineString><coordinates>-111.905637,40.575730,0.0 -111.906427,40.574484,0.0 -111.906467,40.574376,0.0 -111.906501,40.574267,0.0 -111.906527,40.574155,0.0 -111.906547,40.574042,0.0 -111.906559,40.573927,0.0 -111.906565,40.573813,0.0 -111.906563,40.573698,0.0 -111.906554,40.573583,0.0 -111.906538,40.573470,0.0 -111.906515,40.573357,0.0 -111.906485,40.573246,0.0 -111.906448,40.573137,0.0 -111.906405,40.573031,0.0 -111.906355,40.572928,0.0 -111.906298,40.572828,0.0 -111.904471,40.569672,0.0</coordinates></LineString>"
Jordan Gateway,5175,6185,1,0.12113,2,35,600,4,Major arterial,120,12,,"<LineString><coordinates>-111.904225,40.569720,0.0 -111.906052,40.572876,0.0 -111.906109,40.572976,0.0 -111.906159,40.573079,0.0 -111.906202,40.573185,0.0 -111.906239,40.573294,0.0 -111.906269,40.573405,0.0 -111.906292,40.573518,0.0 -111.906308,40.573631,0.0 -111.906317,40.573746,0.0 -111.906319,40.573861,0.0 -111.906313,40.573975,0.0 -111.906301,40.574090,0.0 -111.906281,40.574203,0.0 -111.906255,40.574315,0.0 -111.906221,40.574424,0.0 -111.906181,40.574532,0.0 -111.905391,40.575778,0.0</coordinates></LineString>"
9400 South,3000,3001,1,0.12113,1,35,600,3,Principal마rterial,120,12,,"<LineString><coordinates>-111.916215,40.581075,0.0 -111.914678,40.580493,0.0 -111.912865,40.580265,0.0 -111.909581,40.580665,0.0</coordinates></LineString>"
9400 South,3001,3000,1,0.12113,1,35,600,3,Principal마rterial,120,12,,"<LineString><coordinates>-111.909565,40.580915,0.0 -111.912849,40.580515,0.0 -111.914662,40.580743,0.0 -111.916199,40.581325,0.0</coordinates></LineString>"
9400 South,3001,8172,1,0.12113,1,35,600,3,Principal마rterial,120,12,,"<LineString><coordinates>-111.909573,40.580790,0.0 -111.905503,40.580699,0.0</coordinates></LineString>"
9400 South,8172,3000,1,0.12113,1,35,600,3,Principal마rterial,120,12,,"<LineString><coordinates>-111.905503,40.580699,0.0 -111.909573,40.580790,0.0</coordinates></LineString>"
Connector,3001,1359,1,0.12113,7,21,10000,1,Freeway,220,12,,"<LineString><coordinates>-111.911723,40.577648,0.0 -111.909472,40.580716,0.0</coordinates></LineString>"
Connector,1359,3001,1,0.12113,7,21,10000,1,Freeway,220,12,,"<LineString><coordinates>-111.909674,40.580864,0.0 -111.911925,40.577796,0.0</coordinates></LineString>"
Jordan Gateway,5175,11507,1,0.12113,2,35,600,4,Major arterial,120,12,,"<LineString><coordinates>-111.904470,40.569666,0.0 -111.904637,40.568396,0.0 -111.902649,40.562363,0.0</coordinates></LineString>"
Jordan Gateway,11507,5175,1,0.12113,2,35,600,4,Major arterial,120,12,,"<LineString><coordinates>-111.902405,40.562423,0.0 -111.904393,40.568456,0.0 -111.904226,40.569726,0.0</coordinates></LineString>"
Connector,1358,3002,1,0.12113,7,21,10000,1,Freeway,220,12,,"<LineString><coordinates>-111.911136,40.581985,0.0 -111.911378,40.583541,0.0</coordinates></LineString>"
Connector,3002,1358,1,0.12113,7,21,10000,1,Freeway,220,12,,"<LineString><coordinates>-111.911626,40.583503,0.0 -111.911384,40.581947,0.0</coordinates></LineString>"
Connector,1323,11161,1,0.12113,7,21,10000,1,Freeway,220,12,,"<LineString><coordinates>-111.921427,40.591734,0.0 -111.929281,40.591172,0.0</coordinates></LineString>"
Connector,11161,1323,1,0.12113,7,21,10000,1,Freeway,220,12,,"<LineString><coordinates>-111.929263,40.590922,0.0 -111.921409,40.591484,0.0</coordinates></LineString>"
Connector,1319,11146,1,0.12113,7,21,10000,1,Freeway,220,12,,"<LineString><coordinates>-111.934446,40.607417,0.0 -111.938896,40.606018,0.0</coordinates></LineString>"
Connector,11146,1319,1,0.12113,7,21,10000,1,Freeway,220,12,,"<LineString><coordinates>-111.938820,40.605778,0.0 -111.934370,40.607177,0.0</coordinates></LineString>"
Connector,1319,11147,1,0.12113,7,21,10000,1,Freeway,220,12,,"<LineString><coordinates>-111.934398,40.607172,0.0 -111.929225,40.607566,0.0</coordinates></LineString>"
Connector,11147,1319,1,0.12113,7,21,10000,1,Freeway,220,12,,"<LineString><coordinates>-111.929245,40.607816,0.0 -111.934418,40.607422,0.0</coordinates></LineString>"
Connector,1322,11160,1,0.12113,7,21,10000,1,Freeway,220,12,,"<LineString><coordinates>-111.934353,40.591131,0.0 -111.938882,40.590969,0.0</coordinates></LineString>"
Connector,11160,1322,1,0.12113,7,21,10000,1,Freeway,220,12,,"<LineString><coordinates>-111.938874,40.590719,0.0 -111.934345,40.590881,0.0</coordinates></LineString>"
Connector,1360,5730,1,0.12113,7,21,10000,1,Freeway,220,12,,"<LineString><coordinates>-111.901859,40.584152,0.0 -111.905524,40.583405,0.0</coordinates></LineString>"
Connector,5730,1360,1,0.12113,7,21,10000,1,Freeway,220,12,,"<LineString><coordinates>-111.905474,40.583159,0.0 -111.901809,40.583906,0.0</coordinates></LineString>"
9000 South,5592,1,1,0.12113,2,32,847,2,Highway/Expressway,120,12,,"<LineString><coordinates>-111.922175,40.587616,0.0 -111.920177,40.587612,0.0</coordinates></LineString>"
9000 South,1,2,1,0.12113,2,32,847,2,Highway/Expressway,120,12,,"<LineString><coordinates>-111.920177,40.587612,0.0 -111.918417,40.587608,0.0</coordinates></LineString>"
9000 South,2,3,1,0.12113,2,32,847,2,Highway/Expressway,120,12,,"<LineString><coordinates>-111.918417,40.587608,0.0 -111.916477,40.587604,0.0</coordinates></LineString>"
9000 South,3,4,1,0.12113,2,32,847,2,Highway/Expressway,120,12,,"<LineString><coordinates>-111.916477,40.587604,0.0 -111.914379,40.587600,0.0</coordinates></LineString>"
9000 South,4,5,1,0.12113,2,32,847,2,Highway/Expressway,120,12,,"<LineString><coordinates>-111.914379,40.587600,0.0 -111.912416,40.587596,0.0</coordinates></LineString>"
9000 South,5,5117,1,0.12113,2,32,847,2,Highway/Expressway,120,12,,"<LineString><coordinates>-111.912416,40.587596,0.0 -111.910225,40.587591,0.0</coordinates></LineString>"
9000 South,5117,5,1,0.12113,2,32,847,2,Highway/Expressway,120,12,,"<LineString><coordinates>-111.910225,40.587843,0.0 -111.912416,40.587848,0.0</coordinates></LineString>"
9000 South,5,4,1,0.12113,2,32,847,2,Highway/Expressway,120,12,,"<LineString><coordinates>-111.912416,40.587848,0.0 -111.914379,40.587852,0.0</coordinates></LineString>"
9000 South,4,3,1,0.12113,2,32,847,2,Highway/Expressway,120,12,,"<LineString><coordinates>-111.914379,40.587852,0.0 -111.916477,40.587856,0.0</coordinates></LineString>"
9000 South,3,2,1,0.12113,2,32,847,2,Highway/Expressway,120,12,,"<LineString><coordinates>-111.916477,40.587856,0.0 -111.918417,40.587860,0.0</coordinates></LineString>"
9000 South,2,1,1,0.12113,2,32,847,2,Highway/Expressway,120,12,,"<LineString><coordinates>-111.918417,40.587860,0.0 -111.920177,40.587864,0.0</coordinates></LineString>"
9000 South,1,5592,1,0.12113,2,32,847,2,Highway/Expressway,120,12,,"<LineString><coordinates>-111.920177,40.587864,0.0 -111.922175,40.587868,0.0</coordinates></LineString>"
